<?xml version="1.0" encoding="utf-8" ?>
<manifest>
  <control namespace="SharePointControls" constructor="SharePointFileViewerControl" version="2.0.15" display-name-key="SharePoint File Viewer" description-key="Display SharePoint files with drag and drop upload functionality" control-type="standard">
    <property name="siteUrl" display-name-key="SharePoint Site URL" description-key="URL of the SharePoint Site" of-type="SingleLine.Text" usage="input" required="true" />
    <property name="folderUrl" display-name-key="Folder URL" description-key="URL of the SharePoint folder" of-type="SingleLine.Text" usage="input" required="true" />
    <resources>
      <code path="index.ts" order="1"/>
      <platform-library name="React" version="16.8.6" />
      <platform-library name="Fluent" version="8.29.0" />
    </resources>
  </control>
</manifest>